File_Name,File_Description,Standard,Date_Start,Date_End,Missing_Value_Codes,File_Path
readme_sl_archive_whondrs.pdf,Data package level readme. Contains data package summary; acknowledgements; and contact information.,N/A,-9999,-9999,N/A,/sl_archive_whondrs
sl_archive_whondrs_dd.csv,Data dictionary that defines columns headers across all comma-separated values (CSV) files contained in the data package.,ESS-DIVE Reporting Format for Comma-separated Values (CSV) File Structure (Velliquette et al. 2021),-9999,-9999,N/A; -9999,/sl_archive_whondrs
sl_archive_whondrs_flmd.csv,File-level metadata that lists and describes all of the files contained in the data package.,ESS-DIVE Reporting Format for Comma-separated Values (CSV) File Structure (Velliquette et al. 2021); ESS-DIVE Reporting Format for File-level Metadata (Velliquette et al. 2021),-9999,-9999,N/A; -9999,/sl_archive_whondrs
fig_gmt_plot.sh,Wrapper script that launches container for using the Generic Mapping Tools and executes plotting script in container.,N/A,-9999,-9999,N/A,/sl_archive_whondrs/examples
fig*.pdf,Figure created by corresponding plotting notebook or script. The asterisk (*) indicates the figure number followed by a brief description of the figure.,N/A,-9999,-9999,N/A,/sl_archive_whondrs/examples
fig*.sh,Figure plotting script for Bash shell that plots the corresponding figure. Many scripts here use the Generic Mapping Tools (GMT) and as long as Docker is installed; you can launch these scripts with the fig_gmt_plot.sh wrapper. The asterisk (*) indicates the figure number followed by a brief description of the figure.,N/A,-9999,-9999,N/A,/sl_archive_whondrs/examples
fig*.ipynb,Figure plotting Jupyter notebook or very last stages data post-processing notebook to create intermediate results for corresponding figure. The asterisk (*) indicates the figure number followed by a brief description of the figure.,N/A,-9999,-9999,N/A,/sl_archive_whondrs/examples
fig*.yaml.gz,YAML format Conda environment definition file for reconstructing Conda environment and Python packages used for the corresponding figure generation/postprocessing notebooks. This file is compressed (i.e. a binary) to avoid GitHub printing security warnings in case there are old packages. The asterisk (*) indicates the figure number followed by a brief description of the figure.,N/A,-9999,-9999,N/A,/sl_archive_whondrs/examples
grdb_*_predictions.csv.gz,Compressed comma-separated values (CSV) file containing predictions at all RiverAtlas segments in the 7411 and 7412 Marsden square tiles. The asterisk (*) indicates which machine learning (ML) model in the branch. This file is compressed due to its large size and stored as an important intermediate result because these predictions take more than 45GB of RAM and 10 minutes to run.,N/A,-9999,-9999,N/A,/sl_archive_whondrs/examples
grdb_step_03b_output_RiverATLAS_v10_na.xyz.7411.csv.gz,Compressed GMT .xyz segment delimited file for the RiverAtlas data in the 7411 Marsden Square. This file is compressed due to its large size.,N/A,-9999,-9999,N/A,/sl_archive_whondrs/examples
grdb_step_03b_output_RiverATLAS_v10_na.xyz.7412.csv.gz,Compressed GMT .xyz segment delimited file for the RiverAtlas data in the 7412 Marsden Square. This file is compressed due to its large size.,N/A,-9999,-9999,N/A,/sl_archive_whondrs/examples
o2sat.py,Python script implementing a simple last-ditch attempt to recover missing oxygen values by converting dissolved oxygen (O2) to dissolved oxygen percent saturation (O2%sat) or O2%sat to O2.,N/A,-9999,-9999,N/A,/sl_archive_whondrs/examples
README.md,Instructions for how to use the plotting scripts/notebooks.,N/A,-9999,-9999,N/A,/sl_archive_whondrs/examples
table01_*.csv,Table for manuscript created by fig04-05-06-machine learning (ML)-results.ipynb using the data dictionaries in the same directory. Feature permutation index (FPI) importance scores are from the feature permutation index (FPI) results from the machine learning (ML) model from the branch name that is indicated by the asterisk (*).,ESS-DIVE Reporting Format for Comma-separated Values (CSV) File Structure (Velliquette et al. 2021),-9999,-9999,N/A; -9999,/sl_archive_whondrs/examples
RiverAtlas_dd.csv,Data dictionary that defines columns headers across all comma-separated values (CSV) files from RiverAtlas data.,ESS-DIVE Reporting Format for Comma-separated Values (CSV) File Structure (Velliquette et al. 2021),-9999,-9999,N/A; -9999,/sl_archive_whondrs/examples
RiverAtlas_GLORICH (GLObal RIver Chemistry Database)_colocated_for_prediction.csv,RiverAtlas data at GLORICH (GLObal RIver Chemistry Database) sites along with limited GLORICH insitu chemistry data for making predictions at all GLORICH sites.,ESS-DIVE Reporting Format for Comma-separated Values (CSV) File Structure (Velliquette et al. 2021),-9999,-9999,N/A; -9999,/sl_archive_whondrs/examples
RiverAtlas_GLORICH (GLObal RIver Chemistry Database)_*_predictions.csv,Machine learning (ML) model predictions at the GLORICH (GLObal RIver Chemistry Database) sites using RiverAtlas and GLORICH data. The asterisk (*) indicates the machine learning (ML) model in the branch.,ESS-DIVE Reporting Format for Comma-separated Values (CSV) File Structure (Velliquette et al. 2021),-9999,-9999,N/A; -9999,/sl_archive_whondrs/examples
top_20_vars_in_*.txt,List of the top features/variables resulting from the feature permutation index (FPI) analysis. The asterisk (*) indicates the machine learning (ML) model in the branch.,N/A,-9999,-9999,N/A,/sl_archive_whondrs/examples
WHONDRS_S19S_colocated_for_verification.csv,RiverAtlas data at WHONDRS (Worldwide Hydrobiogeochemistry Observation Network for Dynamic River Systems) sites long with limited WHONDRS site metadata for cross checking that the data colocation process works as expected for variables that overlap between the two data sets.,ESS-DIVE Reporting Format for Comma-separated Values (CSV) File Structure (Velliquette et al. 2021),-9999,-9999,N/A; -9999,/sl_archive_whondrs/examples
WHONDRS_*_predictions.csv,Predictions of respiration rate at the WHONDRS (Worldwide Hydrobiogeochemistry Observation Network for Dynamic River Systems) sites made with the machine learning (ML) model ensemble. The asterisk (*) indicates the branch.,ESS-DIVE Reporting Format for Comma-separated Values (CSV) File Structure (Velliquette et al. 2021),-9999,-9999,N/A; -9999,/sl_archive_whondrs/examples
WHONDRS_S19S_SSS_merged.csv,WHONDRS (Worldwide Hydrobiogeochemistry Observation Network for Dynamic River Systems) data in machine learning (ML)-ready format (i.e. unranked classes converted to 1hot data; ranked classes converted to integer scale; all features/inputs merged by Sample_ID).,ESS-DIVE Reporting Format for Comma-separated Values (CSV) File Structure (Velliquette et al. 2021), 2019-07-29, 2022-09-01,N/A; -9999,/sl_archive_whondrs/examples
WHONDRS_v3_CM_SSS_dd.csv,Data dictionary that defines columns headers across all comma-separated values (CSV) files contained in the published CM data package with the addition of WHONDRS (Worldwide Hydrobiogeochemistry Observation Network for Dynamic River Systems) Fourier-transform ion cyclotron resonance (FTICR) data dictionary entries and custom machine learning (ML) model features created by the code in this repository.,ESS-DIVE Reporting Format for Comma-separated Values (CSV) File Structure (Velliquette et al. 2021),-9999,-9999,N/A; -9999,/sl_archive_whondrs/examples
WHONDRS_Data.csv,Main input file for machine learning (ML) workflow. In some cases this file is identical to WHONDRS_S19S_SSS_merged.csv.,ESS-DIVE Reporting Format for Comma-separated Values (CSV) File Structure (Velliquette et al. 2021), 2019-07-29, 2022-09-01,N/A; -9999,/sl_archive_whondrs/input_data
classical-metrics.json,Model score calculated with the TRAINING data (not the holdout or testing data) from the 0th SuperLearner (SL) ensemble member.,N/A,-9999,-9999,N/A,/sl_archive_whondrs/ml_models/sl_0
fpi.std.err,Standard error log file for feature permutation index (FPI) stage of workflow from the 0th SuperLearner (SL) ensemble member.,N/A,-9999,-9999,N/A,/sl_archive_whondrs/ml_models/sl_0
fpi.std.out,Standard output log file for the feature permutation index (FPI) stage of workflow from the 0th SuperLearner (SL) ensemble member.,N/A,-9999,-9999,N/A,/sl_archive_whondrs/ml_models/sl_0
hold-out-metrics.json,Model score calculated with the TEST data (the holdout data) from the 0th SuperLearner (SL) ensemble member.,N/A,-9999,-9999,N/A,/sl_archive_whondrs/ml_models/sl_0
hold-out-metrics-high-low-split.json,Model score calculated with the TEST data but separated the score calculation with high and low respiration rates from the 0th SuperLearner (SL) ensemble member.,N/A,-9999,-9999,N/A,/sl_archive_whondrs/ml_models/sl_0
model_fpi_results_df,Pandas DataFrame written directly to default Pandas comma-separated values (CSV) format for full access to feature permutation index (FPI) results from each separate submodel of this machine learning (ML) model from the 0th SuperLearner (SL) ensemble member.,N/A,-9999,-9999,N/A,/sl_archive_whondrs/ml_models/sl_0
original_input_data.csv,Copy of the training data supplied at the beginning of the machine learning (ML) workflow for traceability purposes from the 0th SuperLearner (SL) ensemble member.,ESS-DIVE Reporting Format for Comma-separated Values (CSV) File Structure (Velliquette et al. 2021),-9999,-9999,N/A; -9999,/sl_archive_whondrs/ml_models/sl_0
pca.std.err,Non-dimensional index equally weighting the estimated prediction error in the machine learning (machine learning (ML) model and how different that site is from the other available sites to sample as determined by principle component analysis (PCA).,N/A,-9999,-9999,N/A,/sl_archive_whondrs/ml_models/sl_0
pca.std.out,Standard output log file for the principle component analysis (PCA) (error) stage of the machine learning (ML) workflow from the 0th SuperLearner (SL) ensemble member.,N/A,-9999,-9999,N/A,/sl_archive_whondrs/ml_models/sl_0
predict.std.err,Standard error log file for the predict stage of the machine learning (ML) workflow from the 0th SuperLearner (SL) ensemble member.,N/A,-9999,-9999,N/A,/sl_archive_whondrs/ml_models/sl_0
predict.std.out,Standard output log file for the predict stage of the machine learning (ML) workflow from the 0th SuperLearner (SL) ensemble member.,N/A,-9999,-9999,N/A,/sl_archive_whondrs/ml_models/sl_0
requirements.txt.gz,Conda text (.txt) file for reconstructing the Conda environment used for this machine learning (ML) model from the 0th SuperLearner (SL) ensemble member.,N/A,-9999,-9999,N/A,/sl_archive_whondrs/ml_models/sl_0
requirements.yaml.gz,Conda .yaml file for reconstructing the Conda environment used for this machine learning (ML) model from the 0th SuperLearner (SL) ensemble member.,N/A,-9999,-9999,N/A,/sl_archive_whondrs/ml_models/sl_0
sl_error.png,Automatically generated draft figure detailing how the error estimates are generated for this machine learning (ML) model from the 0th SuperLearner (SL) ensemble member.,N/A,-9999,-9999,N/A,/sl_archive_whondrs/ml_models/sl_0
sl_fpi_correlation_graph.png,Automatically generated network diagram showing clusters of correlated input features for this machine learning (ML) model from the 0th SuperLearner (SL) ensemble member.,N/A,-9999,-9999,N/A,/sl_archive_whondrs/ml_models/sl_0
sl_fpi_correlation_heatmap.png,Automatically generated draft figure displaying cross correlations between all the input features of this machine learning (ML) model from the 0th SuperLearner (SL) ensemble member.,N/A,-9999,-9999,N/A,/sl_archive_whondrs/ml_models/sl_0
sl_fpi_correlation_hist.png,Automatically generated draft figure displaying the histogram of correlations between all the input features of this machine learning (ML) model from the 0th SuperLearner (SL) ensemble member.,N/A,-9999,-9999,N/A,/sl_archive_whondrs/ml_models/sl_0
sl_fpi_results_df,Pandas DataFrame written directly to default Pandas comma-separated values (CSV) format for full access to feature permutation index (FPI) results from the stacked ensemble of submodels in this machine learning (ML) model from the 0th SuperLearner (SL) ensemble member.,N/A,-9999,-9999,N/A,/sl_archive_whondrs/ml_models/sl_0
sl_pca.csv,Main summary output file from the principle component analysis (PCA) stage of the machine learning (ML) workflow from the 0th SuperLearner (SL) ensemble member.,ESS-DIVE Reporting Format for Comma-separated Values (CSV) File Structure (Velliquette et al. 2021),-9999,-9999,N/A; -9999,/sl_archive_whondrs/ml_models/sl_0
sl_pca_scatter.png,Automatically generated figure showing the scatter of points in principal coordinate space from the 0th SuperLearner (SL) ensemble member.,N/A,-9999,-9999,N/A,/sl_archive_whondrs/ml_models/sl_0
sl_pca_variance.png,Automatically generated figure showing the percent of variance contained in each component of the principle component analysis (PCA) decomposition from the 0th SuperLearner (SL) ensemble member.,N/A,-9999,-9999,N/A,/sl_archive_whondrs/ml_models/sl_0
sl_predictions.csv,Main summary output file from the prediction stage of the machine learning (ML) workflow. This is a key file because the principle component analysis (PCA) stage (which follows predict) filters out some points. If you want predictions at every point this is the file to use from the 0th SuperLearner (SL) ensemble member.,ESS-DIVE Reporting Format for Comma-separated Values (CSV) File Structure (Velliquette et al. 2021),-9999,-9999,N/A; -9999,/sl_archive_whondrs/ml_models/sl_0
sl_scatter.png,Automatically generated plot of the observed respiration rates versus predicted respiration rates from the 0th SuperLearner (SL) ensemble member.,N/A,-9999,-9999,N/A,/sl_archive_whondrs/ml_models/sl_0
sl_scatter_test.csv,Raw data from the testing set used in making sl_scatter.png from the 0th SuperLearner (SL) ensemble member.,ESS-DIVE Reporting Format for Comma-separated Values (CSV) File Structure (Velliquette et al. 2021),-9999,-9999,N/A; -9999,/sl_archive_whondrs/ml_models/sl_0
sl_scatter_train.csv,Raw data from the training set used in making sl_scatter.png from the 0th SuperLearner (SL) ensemble member.,ESS-DIVE Reporting Format for Comma-separated Values (CSV) File Structure (Velliquette et al. 2021),-9999,-9999,N/A; -9999,/sl_archive_whondrs/ml_models/sl_0
sl_targets_hist.png,Automatically generated histogram of the observed respiration rates to get a rough idea for the data from the 0th SuperLearner (SL) ensemble member.,N/A,-9999,-9999,N/A,/sl_archive_whondrs/ml_models/sl_0
superlearner_conf_TTR_mms_log10_neg.py,Main machine learning (ML) model configuration file from the 0th SuperLearner (SL) ensemble member.,N/A,-9999,-9999,N/A,/sl_archive_whondrs/ml_models/sl_0
SuperLearners.pkl,Machine learning (ML) model archive file in pickle (serialized) format from the 0th SuperLearner (SL) ensemble member.,N/A,-9999,-9999,N/A,/sl_archive_whondrs/ml_models/sl_0
test.csv,Copy of the testing data set (randomly split from original input data) from the 0th SuperLearner (SL) ensemble member.,ESS-DIVE Reporting Format for Comma-separated Values (CSV) File Structure (Velliquette et al. 2021),-9999,-9999,N/A; -9999,/sl_archive_whondrs/ml_models/sl_0
train.csv,Copy of the training data set (randomly split from original input data) from the 0th SuperLearner (SL) ensemble member.,ESS-DIVE Reporting Format for Comma-separated Values (CSV) File Structure (Velliquette et al. 2021),-9999,-9999,N/A; -9999,/sl_archive_whondrs/ml_models/sl_0
train.std.err,Standard error log file from the training stage of the machine learning (ML) workflow from the 0th SuperLearner (SL) ensemble member.,N/A,-9999,-9999,N/A,/sl_archive_whondrs/ml_models/sl_0
train.std.out,Standard output log file from the training stage of the machine learning (ML) workflow from the 0th SuperLearner (SL) ensemble member.,N/A,-9999,-9999,N/A,/sl_archive_whondrs/ml_models/sl_0
classical-metrics.json,Model score calculated with the TRAINING data (not the holdout or testing data) from the 1st SuperLearner (SL) ensemble member.,N/A,-9999,-9999,N/A,/sl_archive_whondrs/ml_models/sl_1
fpi.std.err,Standard error log file for feature permutation index (FPI) stage of workflow from the 1st SuperLearner (SL) ensemble member.,N/A,-9999,-9999,N/A,/sl_archive_whondrs/ml_models/sl_1
fpi.std.out,Standard output log file for the feature permutation index (FPI) stage of workflow from the 1st SuperLearner (SL) ensemble member.,N/A,-9999,-9999,N/A,/sl_archive_whondrs/ml_models/sl_1
hold-out-metrics.json,Model score calculated with the TEST data (the holdout data) from the 1st SuperLearner (SL) ensemble member.,N/A,-9999,-9999,N/A,/sl_archive_whondrs/ml_models/sl_1
hold-out-metrics-high-low-split.json,Model score calculated with the TEST data but separated the score calculation with high and low respiration rates from the 1st SuperLearner (SL) ensemble member.,N/A,-9999,-9999,N/A,/sl_archive_whondrs/ml_models/sl_1
model_fpi_results_df,Pandas DataFrame written directly to default Pandas comma-separated values (CSV) format for full access to feature permutation index (FPI) results from each separate submodel of this machine learning (ML) model from the 1st SuperLearner (SL) ensemble member.,N/A,-9999,-9999,N/A,/sl_archive_whondrs/ml_models/sl_1
original_input_data.csv,Copy of the training data supplied at the beginning of the machine learning (ML) workflow for traceability purposes from the 1st SuperLearner (SL) ensemble member.,ESS-DIVE Reporting Format for Comma-separated Values (CSV) File Structure (Velliquette et al. 2021),-9999,-9999,N/A; -9999,/sl_archive_whondrs/ml_models/sl_1
pca.std.err,Standard error log file for the principle component analysis (PCA) (error) stage of the machine learning (ML) workflow from the 1st SuperLearner (SL) ensemble member.,N/A,-9999,-9999,N/A,/sl_archive_whondrs/ml_models/sl_1
pca.std.out,Standard output log file for the principle component analysis (PCA) (error) stage of the machine learning (ML) workflow from the 1st SuperLearner (SL) ensemble member.,N/A,-9999,-9999,N/A,/sl_archive_whondrs/ml_models/sl_1
predict.std.err,Standard error log file for the predict stage of the machine learning (ML) workflow from the 1st SuperLearner (SL) ensemble member.,N/A,-9999,-9999,N/A,/sl_archive_whondrs/ml_models/sl_1
predict.std.out,Standard output log file for the predict stage of the machine learning (ML) workflow from the 1st SuperLearner (SL) ensemble member.,N/A,-9999,-9999,N/A,/sl_archive_whondrs/ml_models/sl_1
requirements.txt.gz,Conda text (.txt) file for reconstructing the Conda environment used for this machine learning (ML) model. from the 1st SuperLearner (SL) ensemble member.,N/A,-9999,-9999,N/A,/sl_archive_whondrs/ml_models/sl_1
requirements.yaml.gz,Conda .yaml file for reconstructing the Conda environment used for this machine learning (ML) model from the 1st SuperLearner (SL) ensemble member.,N/A,-9999,-9999,N/A,/sl_archive_whondrs/ml_models/sl_1
sl_error.png,Automatically generated draft figure detailing how the error estimates are generated for this machine learning (ML) model from the 1st SuperLearner (SL) ensemble member.,N/A,-9999,-9999,N/A,/sl_archive_whondrs/ml_models/sl_1
sl_fpi_correlation_graph.png,Automatically generated network diagram showing clusters of correlated input features for this machine learning (ML) model from the 1st SuperLearner (SL) ensemble member.,N/A,-9999,-9999,N/A,/sl_archive_whondrs/ml_models/sl_1
sl_fpi_correlation_heatmap.png,Automatically generated draft figure displaying cross correlations between all the input features of this machine learning (ML) model from the 1st SuperLearner (SL) ensemble member.,N/A,-9999,-9999,N/A,/sl_archive_whondrs/ml_models/sl_1
sl_fpi_correlation_hist.png,Automatically generated draft figure displaying the histogram of correlations between all the input features of this machine learning (ML) model from the 1st SuperLearner (SL) ensemble member.,N/A,-9999,-9999,N/A,/sl_archive_whondrs/ml_models/sl_1
sl_fpi_results_df,Pandas DataFrame written directly to default Pandas comma-separated values (CSV) format for full access to feature permutation index (FPI) results from the stacked ensemble of submodels in this machine learning (ML) model from the 1st SuperLearner (SL) ensemble member.,N/A,-9999,-9999,N/A,/sl_archive_whondrs/ml_models/sl_1
sl_pca.csv,Main summary output file from the principle component analysis (PCA) stage of the machine learning (ML) workflow from the 1st SuperLearner (SL) ensemble member.,ESS-DIVE Reporting Format for Comma-separated Values (CSV) File Structure (Velliquette et al. 2021),-9999,-9999,N/A; -9999,/sl_archive_whondrs/ml_models/sl_1
sl_pca_scatter.png,Automatically generated figure showing the scatter of points in principal coordinate space from the 1st SuperLearner (SL) ensemble member.,N/A,-9999,-9999,N/A,/sl_archive_whondrs/ml_models/sl_1
sl_pca_variance.png,Automatically generated figure showing the percent of variance contained in each component of the principle component analysis (PCA) decomposition from the 1st SuperLearner (SL) ensemble member.,N/A,-9999,-9999,N/A,/sl_archive_whondrs/ml_models/sl_1
sl_predictions.csv,Main summary output file from the prediction stage of the machine learning (ML) workflow. This is a key file because the principle component analysis (PCA) stage (which follows predict) filters out some points. If you want predictions at every point this is the file to use from the 1st SuperLearner (SL) ensemble member.,ESS-DIVE Reporting Format for Comma-separated Values (CSV) File Structure (Velliquette et al. 2021),-9999,-9999,N/A; -9999,/sl_archive_whondrs/ml_models/sl_1
sl_scatter.png,Automatically generated plot of the observed respiration rates versus predicted respiration rates from the 1st SuperLearner (SL) ensemble member.,N/A,-9999,-9999,N/A,/sl_archive_whondrs/ml_models/sl_1
sl_scatter_test.csv,Raw data from the testing set used in making sl_scatter.png from the 1st SuperLearner (SL) ensemble member.,ESS-DIVE Reporting Format for Comma-separated Values (CSV) File Structure (Velliquette et al. 2021),-9999,-9999,N/A; -9999,/sl_archive_whondrs/ml_models/sl_1
sl_scatter_train.csv,Raw data from the training set used in making sl_scatter.png from the 1st SuperLearner (SL) ensemble member.,ESS-DIVE Reporting Format for Comma-separated Values (CSV) File Structure (Velliquette et al. 2021),-9999,-9999,N/A; -9999,/sl_archive_whondrs/ml_models/sl_1
sl_targets_hist.png,Automatically generated histogram of the observed respiration rates to get a rough idea for the data from the 1st SuperLearner (SL) ensemble member.,N/A,-9999,-9999,N/A,/sl_archive_whondrs/ml_models/sl_1
superlearner_conf_TTR_mms_log10_neg.py,Main machine learning (ML) model configuration file from the 1st SuperLearner (SL) ensemble member.,N/A,-9999,-9999,N/A,/sl_archive_whondrs/ml_models/sl_1
SuperLearners.pkl,Machine learning (ML) model archive file in pickle (serialized) format from the 1st SuperLearner (SL) ensemble member.,N/A,-9999,-9999,N/A,/sl_archive_whondrs/ml_models/sl_1
test.csv,Copy of the testing data set (randomly split from original input data) from the 1st SuperLearner (SL) ensemble member.,ESS-DIVE Reporting Format for Comma-separated Values (CSV) File Structure (Velliquette et al. 2021),-9999,-9999,N/A; -9999,/sl_archive_whondrs/ml_models/sl_1
train.csv,Copy of the training data set (randomly split from original input data) from the 1st SuperLearner (SL) ensemble member.,ESS-DIVE Reporting Format for Comma-separated Values (CSV) File Structure (Velliquette et al. 2021),-9999,-9999,N/A; -9999,/sl_archive_whondrs/ml_models/sl_1
train.std.err,Standard error log file from the training stage of the machine learning (ML) workflow from the 1st SuperLearner (SL) ensemble member.,N/A,-9999,-9999,N/A,/sl_archive_whondrs/ml_models/sl_1
train.std.out,Standard output log file from the training stage of the machine learning (ML) workflow from the 1st SuperLearner (SL) ensemble member.,N/A,-9999,-9999,N/A,/sl_archive_whondrs/ml_models/sl_1
classical-metrics.json,Model score calculated with the TRAINING data (not the holdout or testing data) from the 2nd SuperLearner (SL) ensemble member.,N/A,-9999,-9999,N/A,/sl_archive_whondrs/ml_models/sl_2
fpi.std.err,Standard error log file for feature permutation index (FPI) stage of workflow from the 2nd SuperLearner (SL) ensemble member.,N/A,-9999,-9999,N/A,/sl_archive_whondrs/ml_models/sl_2
fpi.std.out,Standard output log file for the feature permutation index (FPI) stage of workflow from the 2nd SuperLearner (SL) ensemble member.,N/A,-9999,-9999,N/A,/sl_archive_whondrs/ml_models/sl_2
hold-out-metrics.json,Model score calculated with the TEST data (the holdout data) from the 2nd SuperLearner (SL) ensemble member.,N/A,-9999,-9999,N/A,/sl_archive_whondrs/ml_models/sl_2
hold-out-metrics-high-low-split.json,Model score calculated with the TEST data but separated the score calculation with high and low respiration rates. from the 2nd SuperLearner (SL) ensemble member.,N/A,-9999,-9999,N/A,/sl_archive_whondrs/ml_models/sl_2
model_fpi_results_df,Pandas DataFrame written directly to default Pandas comma-separated values (comma-separated values (CSV)) format for full access to feature permutation index (FPI) results from each separate submodel of this machine learning (ML) model from the 2nd SuperLearner (SL) ensemble member.,N/A,-9999,-9999,N/A,/sl_archive_whondrs/ml_models/sl_2
original_input_data.csv,Copy of the training data supplied at the beginning of the machine learning (ML) workflow for traceability purposes from the 2nd SuperLearner (SL) ensemble member.,ESS-DIVE Reporting Format for Comma-separated Values (CSV) File Structure (Velliquette et al. 2021),-9999,-9999,N/A; -9999,/sl_archive_whondrs/ml_models/sl_2
pca.std.err,Standard error log file for the principle component analysis (PCA) (error) stage of the machine learning (ML) workflow from the 2nd SuperLearner (SL) ensemble member.,N/A,-9999,-9999,N/A,/sl_archive_whondrs/ml_models/sl_2
pca.std.out,Standard output log file for the principle component analysis (PCA) (error) stage of the machine learning (ML) workflow from the 2nd SuperLearner (SL) ensemble member.,N/A,-9999,-9999,N/A,/sl_archive_whondrs/ml_models/sl_2
predict.std.err,Standard error log file for the predict stage of the machine learning (ML) workflow from the 2nd SuperLearner (SL) ensemble member.,N/A,-9999,-9999,N/A,/sl_archive_whondrs/ml_models/sl_2
predict.std.out,Standard output log file for the predict stage of the machine learning (ML) workflow from the 2nd SuperLearner (SL) ensemble member.,N/A,-9999,-9999,N/A,/sl_archive_whondrs/ml_models/sl_2
requirements.txt.gz,Conda text (.txt) file for reconstructing the Conda environment used for this machine learning (ML) model from the 2nd SuperLearner (SL) ensemble member.,N/A,-9999,-9999,N/A,/sl_archive_whondrs/ml_models/sl_2
requirements.yaml.gz,Conda .yaml file for reconstructing the Conda environment used for this machine learning (ML) model from the 2nd SuperLearner (SL) ensemble member.,N/A,-9999,-9999,N/A,/sl_archive_whondrs/ml_models/sl_2
sl_error.png,Automatically generated draft figure detailing how the error estimates are generated for this machine learning (ML) model from the 2nd SuperLearner (SL) ensemble member.,N/A,-9999,-9999,N/A,/sl_archive_whondrs/ml_models/sl_2
sl_fpi_correlation_graph.png,Automatically generated network diagram showing clusters of correlated input features for this machine learning (ML) model from the 2nd SuperLearner (SL) ensemble member.,N/A,-9999,-9999,N/A,/sl_archive_whondrs/ml_models/sl_2
sl_fpi_correlation_heatmap.png,Automatically generated draft figure displaying cross correlations between all the input features of this machine learning (ML) model from the 2nd SuperLearner (SL) ensemble member.,N/A,-9999,-9999,N/A,/sl_archive_whondrs/ml_models/sl_2
sl_fpi_correlation_hist.png,Automatically generated draft figure displaying the histogram of correlations between all the input features of this machine learning (ML) model from the 2nd SuperLearner (SL) ensemble member.,N/A,-9999,-9999,N/A,/sl_archive_whondrs/ml_models/sl_2
sl_fpi_results_df,Pandas DataFrame written directly to default Pandas comma-separated values (CSV) format for full access to feature permutation index (FPI) results from the stacked ensemble of submodels in this machine learning (ML) model from the 2nd SuperLearner (SL) ensemble member.,N/A,-9999,-9999,N/A,/sl_archive_whondrs/ml_models/sl_2
sl_pca.csv,Main summary output file from the principle component analysis (PCA) stage of the machine learning (ML) workflow from the 2nd SuperLearner (SL) ensemble member.,ESS-DIVE Reporting Format for Comma-separated Values (CSV) File Structure (Velliquette et al. 2021),-9999,-9999,N/A; -9999,/sl_archive_whondrs/ml_models/sl_2
sl_pca_scatter.png,Automatically generated figure showing the scatter of points in principal coordinate space from the 2nd SuperLearner (SL) ensemble member.,N/A,-9999,-9999,N/A,/sl_archive_whondrs/ml_models/sl_2
sl_pca_variance.png,Automatically generated figure showing the percent of variance contained in each component of the principle component analysis (PCA) decomposition from the 2nd SuperLearner (SL) ensemble member.,N/A,-9999,-9999,N/A,/sl_archive_whondrs/ml_models/sl_2
sl_predictions.csv,Main summary output file from the prediction stage of the machine learning (ML) workflow. This is a key file because the principle component analysis (PCA) stage (which follows predict) filters out some points. If you want predictions at every point this is the file to use from the 2nd SuperLearner (SL) ensemble member.,ESS-DIVE Reporting Format for Comma-separated Values (CSV) File Structure (Velliquette et al. 2021),-9999,-9999,N/A; -9999,/sl_archive_whondrs/ml_models/sl_2
sl_scatter.png,Automatically generated plot of the observed respiration rates versus predicted respiration rates from the 2nd SuperLearner (SL) ensemble member.,N/A,-9999,-9999,N/A,/sl_archive_whondrs/ml_models/sl_2
sl_scatter_test.csv,Raw data from the testing set used in making sl_scatter.png from the 2nd SuperLearner (SL) ensemble member.,ESS-DIVE Reporting Format for Comma-separated Values (CSV) File Structure (Velliquette et al. 2021),-9999,-9999,N/A; -9999,/sl_archive_whondrs/ml_models/sl_2
sl_scatter_train.csv,Raw data from the training set used in making sl_scatter.png from the 2nd SuperLearner (SL) ensemble member.,ESS-DIVE Reporting Format for Comma-separated Values (CSV) File Structure (Velliquette et al. 2021),-9999,-9999,N/A; -9999,/sl_archive_whondrs/ml_models/sl_2
sl_targets_hist.png,Automatically generated histogram of the observed respiration rates to get a rough idea for the data from the 2nd SuperLearner (SL) ensemble member.,N/A,-9999,-9999,N/A,/sl_archive_whondrs/ml_models/sl_2
superlearner_conf_TTR_mms_log10_neg.py,Main machine learning (ML) model configuration file from the 2nd SuperLearner (SL) ensemble member.,N/A,-9999,-9999,N/A,/sl_archive_whondrs/ml_models/sl_2
SuperLearners.pkl,Machine learning (ML) model archive file in pickle (serialized) format from the 2nd SuperLearner (SL) ensemble member.,N/A,-9999,-9999,N/A,/sl_archive_whondrs/ml_models/sl_2
test.csv,Copy of the testing data set (randomly split from original input data) from the 2nd SuperLearner (SL) ensemble member.,ESS-DIVE Reporting Format for Comma-separated Values (CSV) File Structure (Velliquette et al. 2021),-9999,-9999,N/A; -9999,/sl_archive_whondrs/ml_models/sl_2
train.csv,Copy of the training data set (randomly split from original input data) from the 2nd SuperLearner (SL) ensemble member.,ESS-DIVE Reporting Format for Comma-separated Values (CSV) File Structure (Velliquette et al. 2021),-9999,-9999,N/A; -9999,/sl_archive_whondrs/ml_models/sl_2
train.std.err,Standard error log file from the training stage of the machine learning (ML) workflow from the 2nd SuperLearner (SL) ensemble member.,N/A,-9999,-9999,N/A,/sl_archive_whondrs/ml_models/sl_2
train.std.out,Standard output log file from the training stage of the machine learning (ML) workflow from the 2nd SuperLearner (SL) ensemble member.,N/A,-9999,-9999,N/A,/sl_archive_whondrs/ml_models/sl_2
classical-metrics.json,Model score calculated with the TRAINING data (not the holdout or testing data) from the 3rd SuperLearner (SL) ensemble member.,N/A,-9999,-9999,N/A,/sl_archive_whondrs/ml_models/sl_3
fpi.std.err,Standard error log file for feature permutation index (FPI) stage of workflow from the 3rd SuperLearner (SL) ensemble member.,N/A,-9999,-9999,N/A,/sl_archive_whondrs/ml_models/sl_3
fpi.std.out,Standard output log file for the feature permutation index (FPI) stage of workflow from the 3rd SuperLearner (SL) ensemble member.,N/A,-9999,-9999,N/A,/sl_archive_whondrs/ml_models/sl_3
hold-out-metrics.json,Model score calculated with the TEST data (the holdout data) from the 3rd SuperLearner (SL) ensemble member.,N/A,-9999,-9999,N/A,/sl_archive_whondrs/ml_models/sl_3
hold-out-metrics-high-low-split.json,Model score calculated with the TEST data but separated the score calculation with high and low respiration rates. from the 3rd SuperLearner (SL) ensemble member.,N/A,-9999,-9999,N/A,/sl_archive_whondrs/ml_models/sl_3
model_fpi_results_df,Pandas DataFrame written directly to default Pandas comma-separated values (CSV) format for full access to feature permutation index (FPI) results from each separate submodel of this machine learning (ML) model from the 3rd SuperLearner (SL) ensemble member.,N/A,-9999,-9999,N/A,/sl_archive_whondrs/ml_models/sl_3
original_input_data.csv,Copy of the training data supplied at the beginning of the machine learning (ML) workflow for traceability purposes from the 3rd SuperLearner (SL) ensemble member.,ESS-DIVE Reporting Format for Comma-separated Values (CSV) File Structure (Velliquette et al. 2021),-9999,-9999,N/A; -9999,/sl_archive_whondrs/ml_models/sl_3
pca.std.err,Standard error log file for the principle component analysis (PCA) (error) stage of the machine learning (ML) workflow from the 3rd SuperLearner (SL) ensemble member.,N/A,-9999,-9999,N/A,/sl_archive_whondrs/ml_models/sl_3
pca.std.out,Standard output log file for the principle component analysis (PCA) (error) stage of the machine learning (ML) workflow from the 3rd SuperLearner (SL) ensemble member.,N/A,-9999,-9999,N/A,/sl_archive_whondrs/ml_models/sl_3
predict.std.err,Standard error log file for the predict stage of the machine learning (ML) workflow from the 3rd SuperLearner (SL) ensemble member.,N/A,-9999,-9999,N/A,/sl_archive_whondrs/ml_models/sl_3
predict.std.out,Standard output log file for the predict stage of the machine learning (ML) workflow from the 3rd SuperLearner (SL) ensemble member.,N/A,-9999,-9999,N/A,/sl_archive_whondrs/ml_models/sl_3
requirements.txt.gz,Conda text (.txt) file for reconstructing the Conda environment used for this machine learning (ML) model from the 3rd SuperLearner (SL) ensemble member.,N/A,-9999,-9999,N/A,/sl_archive_whondrs/ml_models/sl_3
requirements.yaml.gz,Conda .yaml file for reconstructing the Conda environment used for this machine learning (ML) model from the 3rd SuperLearner (SL) ensemble member.,N/A,-9999,-9999,N/A,/sl_archive_whondrs/ml_models/sl_3
sl_error.png,Automatically generated draft figure detailing how the error estimates are generated for this machine learning (ML) model from the 3rd SuperLearner (SL) ensemble member.,N/A,-9999,-9999,N/A,/sl_archive_whondrs/ml_models/sl_3
sl_fpi_correlation_graph.png,Automatically generated network diagram showing clusters of correlated input features for this machine learning (ML) model from the 3rd SuperLearner (SL) ensemble member.,N/A,-9999,-9999,N/A,/sl_archive_whondrs/ml_models/sl_3
sl_fpi_correlation_heatmap.png,Automatically generated draft figure displaying cross correlations between all the input features of this machine learning (ML) model from the 3rd SuperLearner (SL) ensemble member.,N/A,-9999,-9999,N/A,/sl_archive_whondrs/ml_models/sl_3
sl_fpi_correlation_hist.png,Automatically generated draft figure displaying the histogram of correlations between all the input features of this machine learning (ML) model from the 3rd SuperLearner (SL) ensemble member.,N/A,-9999,-9999,N/A,/sl_archive_whondrs/ml_models/sl_3
sl_fpi_results_df,Pandas DataFrame written directly to default Pandas comma-separated values (CSV) format for full access to feature permutation index (FPI) results from the stacked ensemble of submodels in this machine learning (ML) model from the 3rd SuperLearner (SL) ensemble member.,N/A,-9999,-9999,N/A,/sl_archive_whondrs/ml_models/sl_3
sl_pca.csv,Main summary output file from the principle component analysis (PCA) stage of the machine learning (ML) workflow from the 3rd SuperLearner (SL) ensemble member.,ESS-DIVE Reporting Format for Comma-separated Values (CSV) File Structure (Velliquette et al. 2021),-9999,-9999,N/A; -9999,/sl_archive_whondrs/ml_models/sl_3
sl_pca_scatter.png,Automatically generated figure showing the scatter of points in principal coordinate space from the 3rd SuperLearner (SL) ensemble member.,N/A,-9999,-9999,N/A,/sl_archive_whondrs/ml_models/sl_3
sl_pca_variance.png,Automatically generated figure showing the percent of variance contained in each component of the principle component analysis (PCA) decomposition from the 3rd SuperLearner (SL) ensemble member.,N/A,-9999,-9999,N/A,/sl_archive_whondrs/ml_models/sl_3
sl_predictions.csv,Main summary output file from the prediction stage of the machine learning (ML) workflow. This is a key file because the principle component analysis (PCA) stage (which follows predict) filters out some points. If you want predictions at every point this is the file to use from the 3rd SuperLearner (SL) ensemble member.,ESS-DIVE Reporting Format for Comma-separated Values (CSV) File Structure (Velliquette et al. 2021),-9999,-9999,N/A; -9999,/sl_archive_whondrs/ml_models/sl_3
sl_scatter.png,Automatically generated plot of the observed respiration rates versus predicted respiration rates from the 3rd SuperLearner (SL) ensemble member.,N/A,-9999,-9999,N/A,/sl_archive_whondrs/ml_models/sl_3
sl_scatter_test.csv,Raw data from the testing set used in making sl_scatter.png from the 3rd SuperLearner (SL) ensemble member.,ESS-DIVE Reporting Format for Comma-separated Values (CSV) File Structure (Velliquette et al. 2021),-9999,-9999,N/A; -9999,/sl_archive_whondrs/ml_models/sl_3
sl_scatter_train.csv,Raw data from the training set used in making sl_scatter.png from the 3rd SuperLearner (SL) ensemble member.,ESS-DIVE Reporting Format for Comma-separated Values (CSV) File Structure (Velliquette et al. 2021),-9999,-9999,N/A; -9999,/sl_archive_whondrs/ml_models/sl_3
sl_targets_hist.png,Automatically generated histogram of the observed respiration rates to get a rough idea for the data from the 3rd SuperLearner (SL) ensemble member.,N/A,-9999,-9999,N/A,/sl_archive_whondrs/ml_models/sl_3
superlearner_conf_TTR_mms_log10_neg.py,Main machine learning (ML) model configuration file from the 3rd SuperLearner (SL) ensemble member.,N/A,-9999,-9999,N/A,/sl_archive_whondrs/ml_models/sl_3
SuperLearners.pkl,Machine learning (ML) model archive file in pickle (serialized) format from the 3rd SuperLearner (SL) ensemble member.,N/A,-9999,-9999,N/A,/sl_archive_whondrs/ml_models/sl_3
test.csv,Copy of the testing data set (randomly split from original input data) from the 3rd SuperLearner (SL) ensemble member.,ESS-DIVE Reporting Format for Comma-separated Values (CSV) File Structure (Velliquette et al. 2021),-9999,-9999,N/A; -9999,/sl_archive_whondrs/ml_models/sl_3
train.csv,Copy of the training data set (randomly split from original input data) from the 3rd SuperLearner (SL) ensemble member.,ESS-DIVE Reporting Format for Comma-separated Values (CSV) File Structure (Velliquette et al. 2021),-9999,-9999,N/A; -9999,/sl_archive_whondrs/ml_models/sl_3
train.std.err,Standard error log file from the training stage of the machine learning (ML) workflow from the 3rd SuperLearner (SL) ensemble member.,N/A,-9999,-9999,N/A,/sl_archive_whondrs/ml_models/sl_3
train.std.out,Standard output log file from the training stage of the machine learning (ML) workflow from the 3rd SuperLearner (SL) ensemble member.,N/A,-9999,-9999,N/A,/sl_archive_whondrs/ml_models/sl_3
classical-metrics.json,Model score calculated with the TRAINING data (not the holdout or testing data) from the 4th SuperLearner (SL) ensemble member.,N/A,-9999,-9999,N/A,/sl_archive_whondrs/ml_models/sl_4
fpi.std.err,Standard error log file for feature permutation index (FPI) stage of workflow from the 4th SuperLearner (SL) ensemble member.,N/A,-9999,-9999,N/A,/sl_archive_whondrs/ml_models/sl_4
fpi.std.out,Standard output log file for the feature permutation index (FPI) stage of workflow from the 4th SuperLearner (SL) ensemble member.,N/A,-9999,-9999,N/A,/sl_archive_whondrs/ml_models/sl_4
hold-out-metrics.json,Model score calculated with the TEST data (the holdout data) from the 4th SuperLearner (SL) ensemble member.,N/A,-9999,-9999,N/A,/sl_archive_whondrs/ml_models/sl_4
hold-out-metrics-high-low-split.json,Model score calculated with the TEST data but separated the score calculation with high and low respiration rates. from the 4th SuperLearner (SL) ensemble member.,N/A,-9999,-9999,N/A,/sl_archive_whondrs/ml_models/sl_4
model_fpi_results_df,Pandas DataFrame written directly to default Pandas comma-separated values (CSV) format for full access to feature permutation index (FPI) results from each separate submodel of this machine learning (ML) model from the 4th SuperLearner (SL) ensemble member.,N/A,-9999,-9999,N/A,/sl_archive_whondrs/ml_models/sl_4
original_input_data.csv,Copy of the training data supplied at the beginning of the machine learning (ML) workflow for traceability purposes from the 4th SuperLearner (SL) ensemble member.,ESS-DIVE Reporting Format for Comma-separated Values (CSV) File Structure (Velliquette et al. 2021),-9999,-9999,N/A; -9999,/sl_archive_whondrs/ml_models/sl_4
pca.std.err,Standard error log file for the principle component analysis (PCA) (error) stage of the machine learning (ML) workflow from the 4th SuperLearner (SL) ensemble member.,N/A,-9999,-9999,N/A,/sl_archive_whondrs/ml_models/sl_4
pca.std.out,Standard output log file for the principle component analysis (PCA) (error) stage of the machine learning (ML) workflow from the 4th SuperLearner (SL) ensemble member.,N/A,-9999,-9999,N/A,/sl_archive_whondrs/ml_models/sl_4
predict.std.err,Standard error log file for the predict stage of the machine learning (ML) workflow from the 4th SuperLearner (SL) ensemble member.,N/A,-9999,-9999,N/A,/sl_archive_whondrs/ml_models/sl_4
predict.std.out,Standard output log file for the predict stage of the machine learning (ML) workflow from the 4th SuperLearner (SL) ensemble member.,N/A,-9999,-9999,N/A,/sl_archive_whondrs/ml_models/sl_4
requirements.txt.gz,Conda text (.txt) file for reconstructing the Conda environment used for this machine learning (ML) model from the 4th SuperLearner (SL) ensemble member.,N/A,-9999,-9999,N/A,/sl_archive_whondrs/ml_models/sl_4
requirements.yaml.gz,Conda .yaml file for reconstructing the Conda environment used for this machine learning (ML) model from the 4th SuperLearner (SL) ensemble member.,N/A,-9999,-9999,N/A,/sl_archive_whondrs/ml_models/sl_4
sl_error.png,Automatically generated draft figure detailing how the error estimates are generated for this machine learning (ML) model from the 4th SuperLearner (SL) ensemble member.,N/A,-9999,-9999,N/A,/sl_archive_whondrs/ml_models/sl_4
sl_fpi_correlation_graph.png,Automatically generated network diagram showing clusters of correlated input features for this machine learning (ML) model from the 4th SuperLearner (SL) ensemble member.,N/A,-9999,-9999,N/A,/sl_archive_whondrs/ml_models/sl_4
sl_fpi_correlation_heatmap.png,Automatically generated draft figure displaying cross correlations between all the input features of this machine learning (ML) model from the 4th SuperLearner (SL) ensemble member.,N/A,-9999,-9999,N/A,/sl_archive_whondrs/ml_models/sl_4
sl_fpi_correlation_hist.png,Automatically generated draft figure displaying the histogram of correlations between all the input features of this machine learning (ML) model from the 4th SuperLearner (SL) ensemble member.,N/A,-9999,-9999,N/A,/sl_archive_whondrs/ml_models/sl_4
sl_fpi_results_df,Pandas DataFrame written directly to default Pandas comma-separated values (CSV) format for full access to feature permutation index (FPI) results from the stacked ensemble of submodels in this machine learning (ML) model from the 4th SuperLearner (SL) ensemble member.,N/A,-9999,-9999,N/A,/sl_archive_whondrs/ml_models/sl_4
sl_pca.csv,Main summary output file from the principle component analysis (PCA) stage of the machine learning (ML) workflow from the 4th SuperLearner (SL) ensemble member.,ESS-DIVE Reporting Format for Comma-separated Values (CSV) File Structure (Velliquette et al. 2021),-9999,-9999,N/A; -9999,/sl_archive_whondrs/ml_models/sl_4
sl_pca_scatter.png,Automatically generated figure showing the scatter of points in principal coordinate space from the 4th SuperLearner (SL) ensemble member.,N/A,-9999,-9999,N/A,/sl_archive_whondrs/ml_models/sl_4
sl_pca_variance.png,Automatically generated figure showing the percent of variance contained in each component of the principle component analysis (PCA) decomposition from the 4th SuperLearner (SL) ensemble member.,N/A,-9999,-9999,N/A,/sl_archive_whondrs/ml_models/sl_4
sl_predictions.csv,Main summary output file from the prediction stage of the machine learning (ML) workflow. This is a key file because the principle component analysis (PCA) stage (which follows predict) filters out some points. If you want predictions at every point this is the file to use from the 4th SuperLearner (SL) ensemble member.,ESS-DIVE Reporting Format for Comma-separated Values (CSV) File Structure (Velliquette et al. 2021),-9999,-9999,N/A; -9999,/sl_archive_whondrs/ml_models/sl_4
sl_scatter.png,Automatically generated plot of the observed respiration rates versus predicted respiration rates from the 4th SuperLearner (SL) ensemble member.,N/A,-9999,-9999,N/A,/sl_archive_whondrs/ml_models/sl_4
sl_scatter_test.csv,Raw data from the testing set used in making sl_scatter.png from the 4th SuperLearner (SL) ensemble member.,ESS-DIVE Reporting Format for Comma-separated Values (CSV) File Structure (Velliquette et al. 2021),-9999,-9999,N/A; -9999,/sl_archive_whondrs/ml_models/sl_4
sl_scatter_train.csv,Raw data from the training set used in making sl_scatter.png from the 4th SuperLearner (SL) ensemble member.,ESS-DIVE Reporting Format for Comma-separated Values (CSV) File Structure (Velliquette et al. 2021),-9999,-9999,N/A; -9999,/sl_archive_whondrs/ml_models/sl_4
sl_targets_hist.png,Automatically generated histogram of the observed respiration rates to get a rough idea for the data from the 4th SuperLearner (SL) ensemble member.,N/A,-9999,-9999,N/A,/sl_archive_whondrs/ml_models/sl_4
superlearner_conf_TTR_mms_log10_neg.py,Main machine learning (ML) model configuration file from the 4th SuperLearner (SL) ensemble member.,N/A,-9999,-9999,N/A,/sl_archive_whondrs/ml_models/sl_4
SuperLearners.pkl,Machine learning (ML) model archive file in pickle (serialized) format from the 4th SuperLearner (SL) ensemble member.,N/A,-9999,-9999,N/A,/sl_archive_whondrs/ml_models/sl_4
test.csv,Copy of the testing data set (randomly split from original input data) from the 4th SuperLearner (SL) ensemble member.,ESS-DIVE Reporting Format for Comma-separated Values (CSV) File Structure (Velliquette et al. 2021),-9999,-9999,N/A; -9999,/sl_archive_whondrs/ml_models/sl_4
train.csv,Copy of the training data set (randomly split from original input data) from the 4th SuperLearner (SL) ensemble member.,ESS-DIVE Reporting Format for Comma-separated Values (CSV) File Structure (Velliquette et al. 2021),-9999,-9999,N/A; -9999,/sl_archive_whondrs/ml_models/sl_4
train.std.err,Standard error log file from the training stage of the machine learning (ML) workflow from the 4th SuperLearner (SL) ensemble member.,N/A,-9999,-9999,N/A,/sl_archive_whondrs/ml_models/sl_4
train.std.out,Standard output log file from the training stage of the machine learning (ML) workflow from the 4th SuperLearner (SL) ensemble member.,N/A,-9999,-9999,N/A,/sl_archive_whondrs/ml_models/sl_4
classical-metrics.json,Model score calculated with the TRAINING data (not the holdout or testing data) from the 5th SuperLearner (SL) ensemble member.,N/A,-9999,-9999,N/A,/sl_archive_whondrs/ml_models/sl_5
fpi.std.err,Standard error log file for feature permutation index (FPI) stage of workflow from the 5th SuperLearner (SL) ensemble member.,N/A,-9999,-9999,N/A,/sl_archive_whondrs/ml_models/sl_5
fpi.std.out,Standard output log file for the feature permutation index (FPI) stage of workflow from the 5th SuperLearner (SL) ensemble member.,N/A,-9999,-9999,N/A,/sl_archive_whondrs/ml_models/sl_5
hold-out-metrics.json,Model score calculated with the TEST data (the holdout data) from the 5th SuperLearner (SL) ensemble member.,N/A,-9999,-9999,N/A,/sl_archive_whondrs/ml_models/sl_5
hold-out-metrics-high-low-split.json,Model score calculated with the TEST data but separated the score calculation with high and low respiration rates. from the 5th SuperLearner (SL) ensemble member.,N/A,-9999,-9999,N/A,/sl_archive_whondrs/ml_models/sl_5
model_fpi_results_df,Pandas DataFrame written directly to default Pandas comma-separated values (CSV) format for full access to feature permutation index (FPI) results from each separate submodel of this machine learning (ML) model from the 5th SuperLearner (SL) ensemble member.,N/A,-9999,-9999,N/A,/sl_archive_whondrs/ml_models/sl_5
original_input_data.csv,Copy of the training data supplied at the beginning of the machine learning (ML) workflow for traceability purposes from the 5th SuperLearner (SL) ensemble member.,ESS-DIVE Reporting Format for Comma-separated Values (CSV) File Structure (Velliquette et al. 2021),-9999,-9999,N/A; -9999,/sl_archive_whondrs/ml_models/sl_5
pca.std.err,Standard error log file for the principle component analysis (PCA) (error) stage of the machine learning (ML) workflow from the 5th SuperLearner (SL) ensemble member.,N/A,-9999,-9999,N/A,/sl_archive_whondrs/ml_models/sl_5
pca.std.out,Standard output log file for the principle component analysis (PCA) (error) stage of the machine learning (ML) workflow from the 5th SuperLearner (SL) ensemble member.,N/A,-9999,-9999,N/A,/sl_archive_whondrs/ml_models/sl_5
predict.std.err,Standard error log file for the predict stage of the machine learning (ML) workflow from the 5th SuperLearner (SL) ensemble member.,N/A,-9999,-9999,N/A,/sl_archive_whondrs/ml_models/sl_5
predict.std.out,Standard output log file for the predict stage of the machine learning (ML) workflow from the 5th SuperLearner (SL) ensemble member.,N/A,-9999,-9999,N/A,/sl_archive_whondrs/ml_models/sl_5
requirements.txt.gz,Conda text (.txt) file for reconstructing the Conda environment used for this machine learning (ML) model from the 5th SuperLearner (SL) ensemble member.,N/A,-9999,-9999,N/A,/sl_archive_whondrs/ml_models/sl_5
requirements.yaml.gz,Conda .yaml file for reconstructing the Conda environment used for this machine learning (ML) model from the 5th SuperLearner (SL) ensemble member.,N/A,-9999,-9999,N/A,/sl_archive_whondrs/ml_models/sl_5
sl_error.png,Automatically generated draft figure detailing how the error estimates are generated for this machine learning (ML) model from the 5th SuperLearner (SL) ensemble member.,N/A,-9999,-9999,N/A,/sl_archive_whondrs/ml_models/sl_5
sl_fpi_correlation_graph.png,Automatically generated network diagram showing clusters of correlated input features for this machine learning (ML) model from the 5th SuperLearner (SL) ensemble member.,N/A,-9999,-9999,N/A,/sl_archive_whondrs/ml_models/sl_5
sl_fpi_correlation_heatmap.png,Automatically generated draft figure displaying cross correlations between all the input features of this machine learning (ML) model from the 5th SuperLearner (SL) ensemble member.,N/A,-9999,-9999,N/A,/sl_archive_whondrs/ml_models/sl_5
sl_fpi_correlation_hist.png,Automatically generated draft figure displaying the histogram of correlations between all the input features of this machine learning (ML) model from the 5th SuperLearner (SL) ensemble member.,N/A,-9999,-9999,N/A,/sl_archive_whondrs/ml_models/sl_5
sl_fpi_results_df,Pandas DataFrame written directly to default Pandas comma-separated values (CSV) format for full access to feature permutation index (FPI) results from the stacked ensemble of submodels in this machine learning (ML) model from the 5th SuperLearner (SL) ensemble member.,N/A,-9999,-9999,N/A,/sl_archive_whondrs/ml_models/sl_5
sl_pca.csv,Main summary output file from the principle component analysis (PCA) stage of the machine learning (ML) workflow from the 5th SuperLearner (SL) ensemble member.,ESS-DIVE Reporting Format for Comma-separated Values (CSV) File Structure (Velliquette et al. 2021),-9999,-9999,N/A; -9999,/sl_archive_whondrs/ml_models/sl_5
sl_pca_scatter.png,Automatically generated figure showing the scatter of points in principal coordinate space from the 5th SuperLearner (SL) ensemble member.,N/A,-9999,-9999,N/A,/sl_archive_whondrs/ml_models/sl_5
sl_pca_variance.png,Automatically generated figure showing the percent of variance contained in each component of the principle component analysis (PCA) decomposition from the 5th SuperLearner (SL) ensemble member.,N/A,-9999,-9999,N/A,/sl_archive_whondrs/ml_models/sl_5
sl_predictions.csv,Main summary output file from the prediction stage of the machine learning (ML) workflow. This is a key file because the principle component analysis (PCA) stage (which follows predict) filters out some points. If you want predictions at every point this is the file to use from the 5th SuperLearner (SL) ensemble member.,ESS-DIVE Reporting Format for Comma-separated Values (CSV) File Structure (Velliquette et al. 2021),-9999,-9999,N/A; -9999,/sl_archive_whondrs/ml_models/sl_5
sl_scatter.png,Automatically generated plot of the observed respiration rates versus predicted respiration rates from the 5th SuperLearner (SL) ensemble member.,N/A,-9999,-9999,N/A,/sl_archive_whondrs/ml_models/sl_5
sl_scatter_test.csv,Raw data from the testing set used in making sl_scatter.png from the 5th SuperLearner (SL) ensemble member.,ESS-DIVE Reporting Format for Comma-separated Values (CSV) File Structure (Velliquette et al. 2021),-9999,-9999,N/A; -9999,/sl_archive_whondrs/ml_models/sl_5
sl_scatter_train.csv,Raw data from the training set used in making sl_scatter.png from the 5th SuperLearner (SL) ensemble member.,ESS-DIVE Reporting Format for Comma-separated Values (CSV) File Structure (Velliquette et al. 2021),-9999,-9999,N/A; -9999,/sl_archive_whondrs/ml_models/sl_5
sl_targets_hist.png,Automatically generated histogram of the observed respiration rates to get a rough idea for the data from the 5th SuperLearner (SL) ensemble member.,N/A,-9999,-9999,N/A,/sl_archive_whondrs/ml_models/sl_5
superlearner_conf_TTR_mms_log10_neg.py,Main machine learning (ML) model configuration file from the 5th SuperLearner (SL) ensemble member.,N/A,-9999,-9999,N/A,/sl_archive_whondrs/ml_models/sl_5
SuperLearners.pkl,Machine learning (ML) model archive file in pickle (serialized) format from the 5th SuperLearner (SL) ensemble member.,N/A,-9999,-9999,N/A,/sl_archive_whondrs/ml_models/sl_5
test.csv,Copy of the testing data set (randomly split from original input data) from the 5th SuperLearner (SL) ensemble member.,ESS-DIVE Reporting Format for Comma-separated Values (CSV) File Structure (Velliquette et al. 2021),-9999,-9999,N/A; -9999,/sl_archive_whondrs/ml_models/sl_5
train.csv,Copy of the training data set (randomly split from original input data) from the 5th SuperLearner (SL) ensemble member.,ESS-DIVE Reporting Format for Comma-separated Values (CSV) File Structure (Velliquette et al. 2021),-9999,-9999,N/A; -9999,/sl_archive_whondrs/ml_models/sl_5
train.std.err,Standard error log file from the training stage of the machine learning (ML) workflow from the 5th SuperLearner (SL) ensemble member.,N/A,-9999,-9999,N/A,/sl_archive_whondrs/ml_models/sl_5
train.std.out,Standard output log file from the training stage of the machine learning (ML) workflow from the 5th SuperLearner (SL) ensemble member.,N/A,-9999,-9999,N/A,/sl_archive_whondrs/ml_models/sl_5
classical-metrics.json,Model score calculated with the TRAINING data (not the holdout or testing data) from the 6th SuperLearner (SL) ensemble member.,N/A,-9999,-9999,N/A,/sl_archive_whondrs/ml_models/sl_6
fpi.std.err,Standard error log file for feature permutation index (FPI) stage of workflow from the 6th SuperLearner (SL) ensemble member.,N/A,-9999,-9999,N/A,/sl_archive_whondrs/ml_models/sl_6
fpi.std.out,Standard output log file for the feature permutation index (FPI) stage of workflow from the 6th SuperLearner (SL) ensemble member.,N/A,-9999,-9999,N/A,/sl_archive_whondrs/ml_models/sl_6
hold-out-metrics.json,Model score calculated with the TEST data (the holdout data) from the 6th SuperLearner (SL) ensemble member.,N/A,-9999,-9999,N/A,/sl_archive_whondrs/ml_models/sl_6
hold-out-metrics-high-low-split.json,Model score calculated with the TEST data but separated the score calculation with high and low respiration rates. from the 6th SuperLearner (SL) ensemble member.,N/A,-9999,-9999,N/A,/sl_archive_whondrs/ml_models/sl_6
model_fpi_results_df,Pandas DataFrame written directly to default Pandas comma-separated values (CSV) format for full access to feature permutation index (FPI) results from each separate submodel of this machine learning (ML) model from the 6th SuperLearner (SL) ensemble member.,N/A,-9999,-9999,N/A,/sl_archive_whondrs/ml_models/sl_6
original_input_data.csv,Copy of the training data supplied at the beginning of the machine learning (ML) workflow for traceability purposes from the 6th SuperLearner (SL) ensemble member.,ESS-DIVE Reporting Format for Comma-separated Values (CSV) File Structure (Velliquette et al. 2021),-9999,-9999,N/A; -9999,/sl_archive_whondrs/ml_models/sl_6
pca.std.err,Standard error log file for the principle component analysis (PCA) (error) stage of the machine learning (ML) workflow from the 6th SuperLearner (SL) ensemble member.,N/A,-9999,-9999,N/A,/sl_archive_whondrs/ml_models/sl_6
pca.std.out,Standard output log file for the principle component analysis (PCA) (error) stage of the machine learning (ML) workflow from the 6th SuperLearner (SL) ensemble member.,N/A,-9999,-9999,N/A,/sl_archive_whondrs/ml_models/sl_6
predict.std.err,Standard error log file for the predict stage of the machine learning (ML) workflow from the 6th SuperLearner (SL) ensemble member.,N/A,-9999,-9999,N/A,/sl_archive_whondrs/ml_models/sl_6
predict.std.out,Standard output log file for the predict stage of the machine learning (ML) workflow from the 6th SuperLearner (SL) ensemble member.,N/A,-9999,-9999,N/A,/sl_archive_whondrs/ml_models/sl_6
requirements.txt.gz,Conda text (.txt) file for reconstructing the Conda environment used for this machine learning (ML) model from the 6th SuperLearner (SL) ensemble member.,N/A,-9999,-9999,N/A,/sl_archive_whondrs/ml_models/sl_6
requirements.yaml.gz,Conda .yaml file for reconstructing the Conda environment used for this machine learning (ML) model from the 6th SuperLearner (SL) ensemble member.,N/A,-9999,-9999,N/A,/sl_archive_whondrs/ml_models/sl_6
sl_error.png,Automatically generated draft figure detailing how the error estimates are generated for this machine learning (ML) model from the 6th SuperLearner (SL) ensemble member.,N/A,-9999,-9999,N/A,/sl_archive_whondrs/ml_models/sl_6
sl_fpi_correlation_graph.png,Automatically generated network diagram showing clusters of correlated input features for this machine learning (ML) model from the 6th SuperLearner (SL) ensemble member.,N/A,-9999,-9999,N/A,/sl_archive_whondrs/ml_models/sl_6
sl_fpi_correlation_heatmap.png,Automatically generated draft figure displaying cross correlations between all the input features of this machine learning (ML) model from the 6th SuperLearner (SL) ensemble member.,N/A,-9999,-9999,N/A,/sl_archive_whondrs/ml_models/sl_6
sl_fpi_correlation_hist.png,Automatically generated draft figure displaying the histogram of correlations between all the input features of this machine learning (ML) model from the 6th SuperLearner (SL) ensemble member.,N/A,-9999,-9999,N/A,/sl_archive_whondrs/ml_models/sl_6
sl_fpi_results_df,Pandas DataFrame written directly to default Pandas comma-separated values (CSV) format for full access to feature permutation index (FPI) results from the stacked ensemble of submodels in this machine learning (ML) model from the 6th SuperLearner (SL) ensemble member.,N/A,-9999,-9999,N/A,/sl_archive_whondrs/ml_models/sl_6
sl_pca.csv,Main summary output file from the principle component analysis (PCA) stage of the machine learning (ML) workflow from the 6th SuperLearner (SL) ensemble member.,ESS-DIVE Reporting Format for Comma-separated Values (CSV) File Structure (Velliquette et al. 2021),-9999,-9999,N/A; -9999,/sl_archive_whondrs/ml_models/sl_6
sl_pca_scatter.png,Automatically generated figure showing the scatter of points in principal coordinate space from the 6th SuperLearner (SL) ensemble member.,N/A,-9999,-9999,N/A,/sl_archive_whondrs/ml_models/sl_6
sl_pca_variance.png,Automatically generated figure showing the percent of variance contained in each component of the principle component analysis (PCA) decomposition from the 6th SuperLearner (SL) ensemble member.,N/A,-9999,-9999,N/A,/sl_archive_whondrs/ml_models/sl_6
sl_predictions.csv,Main summary output file from the prediction stage of the machine learning (ML) workflow. This is a key file because the principle component analysis (PCA) stage (which follows predict) filters out some points. If you want predictions at every point this is the file to use from the 6th SuperLearner (SL) ensemble member.,ESS-DIVE Reporting Format for Comma-separated Values (CSV) File Structure (Velliquette et al. 2021),-9999,-9999,N/A; -9999,/sl_archive_whondrs/ml_models/sl_6
sl_scatter.png,Automatically generated plot of the observed respiration rates versus predicted respiration rates from the 6th SuperLearner (SL) ensemble member.,N/A,-9999,-9999,N/A,/sl_archive_whondrs/ml_models/sl_6
sl_scatter_test.csv,Raw data from the testing set used in making sl_scatter.png from the 6th SuperLearner (SL) ensemble member.,ESS-DIVE Reporting Format for Comma-separated Values (CSV) File Structure (Velliquette et al. 2021),-9999,-9999,N/A; -9999,/sl_archive_whondrs/ml_models/sl_6
sl_scatter_train.csv,Raw data from the training set used in making sl_scatter.png from the 6th SuperLearner (SL) ensemble member.,ESS-DIVE Reporting Format for Comma-separated Values (CSV) File Structure (Velliquette et al. 2021),-9999,-9999,N/A; -9999,/sl_archive_whondrs/ml_models/sl_6
sl_targets_hist.png,Automatically generated histogram of the observed respiration rates to get a rough idea for the data from the 6th SuperLearner (SL) ensemble member.,N/A,-9999,-9999,N/A,/sl_archive_whondrs/ml_models/sl_6
superlearner_conf_TTR_mms_log10_neg.py,Main machine learning (ML) model configuration file from the 6th SuperLearner (SL) ensemble member.,N/A,-9999,-9999,N/A,/sl_archive_whondrs/ml_models/sl_6
SuperLearners.pkl,Machine learning (ML) model archive file in pickle (serialized) format from the 6th SuperLearner (SL) ensemble member.,N/A,-9999,-9999,N/A,/sl_archive_whondrs/ml_models/sl_6
test.csv,Copy of the testing data set (randomly split from original input data) from the 6th SuperLearner (SL) ensemble member.,ESS-DIVE Reporting Format for Comma-separated Values (CSV) File Structure (Velliquette et al. 2021),-9999,-9999,N/A; -9999,/sl_archive_whondrs/ml_models/sl_6
train.csv,Copy of the training data set (randomly split from original input data) from the 6th SuperLearner (SL) ensemble member.,ESS-DIVE Reporting Format for Comma-separated Values (CSV) File Structure (Velliquette et al. 2021),-9999,-9999,N/A; -9999,/sl_archive_whondrs/ml_models/sl_6
train.std.err,Standard error log file from the training stage of the machine learning (ML) workflow from the 6th SuperLearner (SL) ensemble member.,N/A,-9999,-9999,N/A,/sl_archive_whondrs/ml_models/sl_6
train.std.out,Standard output log file from the training stage of the machine learning (ML) workflow from the 6th SuperLearner (SL) ensemble member.,N/A,-9999,-9999,N/A,/sl_archive_whondrs/ml_models/sl_6
classical-metrics.json,Model score calculated with the TRAINING data (not the holdout or testing data) from the 7th SuperLearner (SL) ensemble member.,N/A,-9999,-9999,N/A,/sl_archive_whondrs/ml_models/sl_7
fpi.std.err,Standard error log file for feature permutation index (FPI) stage of workflow from the 7th SuperLearner (SL) ensemble member.,N/A,-9999,-9999,N/A,/sl_archive_whondrs/ml_models/sl_7
fpi.std.out,Standard output log file for the feature permutation index (FPI) stage of workflow from the 7th SuperLearner (SL) ensemble member.,N/A,-9999,-9999,N/A,/sl_archive_whondrs/ml_models/sl_7
hold-out-metrics.json,Model score calculated with the TEST data (the holdout data) from the 7th SuperLearner (SL) ensemble member.,N/A,-9999,-9999,N/A,/sl_archive_whondrs/ml_models/sl_7
hold-out-metrics-high-low-split.json,Model score calculated with the TEST data but separated the score calculation with high and low respiration rates. from the7th SuperLearner (SL) ensemble member.,N/A,-9999,-9999,N/A,/sl_archive_whondrs/ml_models/sl_7
model_fpi_results_df,Pandas DataFrame written directly to default Pandas comma-separated values (CSV) format for full access to feature permutation index (FPI) results from each separate submodel of this machine learning (ML) model from the7th SuperLearner (SL) ensemble member.,N/A,-9999,-9999,N/A,/sl_archive_whondrs/ml_models/sl_7
original_input_data.csv,Copy of the training data supplied at the beginning of the machine learning (ML) workflow for traceability purposes from the7th SuperLearner (SL) ensemble member.,ESS-DIVE Reporting Format for Comma-separated Values (CSV) File Structure (Velliquette et al. 2021),-9999,-9999,N/A; -9999,/sl_archive_whondrs/ml_models/sl_7
pca.std.err,Standard error log file for the principle component analysis (PCA) (error) stage of the machine learning (ML) workflow from the7th SuperLearner (SL) ensemble member.,N/A,-9999,-9999,N/A,/sl_archive_whondrs/ml_models/sl_7
pca.std.out,Standard output log file for the principle component analysis (PCA) (error) stage of the machine learning (ML) workflow from the7th SuperLearner (SL) ensemble member.,N/A,-9999,-9999,N/A,/sl_archive_whondrs/ml_models/sl_7
predict.std.err,Standard error log file for the predict stage of the machine learning (ML) workflow from the7th SuperLearner (SL) ensemble member.,N/A,-9999,-9999,N/A,/sl_archive_whondrs/ml_models/sl_7
predict.std.out,Standard output log file for the predict stage of the machine learning (ML) workflow from the7th SuperLearner (SL) ensemble member.,N/A,-9999,-9999,N/A,/sl_archive_whondrs/ml_models/sl_7
requirements.txt.gz,Conda text (.txt) file for reconstructing the Conda environment used for this machine learning (ML) model from the7th SuperLearner (SL) ensemble member.,N/A,-9999,-9999,N/A,/sl_archive_whondrs/ml_models/sl_7
requirements.yaml.gz,Conda .yaml file for reconstructing the Conda environment used for this machine learning (ML) model from the7th SuperLearner (SL) ensemble member.,N/A,-9999,-9999,N/A,/sl_archive_whondrs/ml_models/sl_7
sl_error.png,Automatically generated draft figure detailing how the error estimates are generated for this machine learning (ML) model from the7th SuperLearner (SL) ensemble member.,N/A,-9999,-9999,N/A,/sl_archive_whondrs/ml_models/sl_7
sl_fpi_correlation_graph.png,Automatically generated network diagram showing clusters of correlated input features for this machine learning (ML) model from the7th SuperLearner (SL) ensemble member.,N/A,-9999,-9999,N/A,/sl_archive_whondrs/ml_models/sl_7
sl_fpi_correlation_heatmap.png,Automatically generated draft figure displaying cross correlations between all the input features of this machine learning (ML) model from the7th SuperLearner (SL) ensemble member.,N/A,-9999,-9999,N/A,/sl_archive_whondrs/ml_models/sl_7
sl_fpi_correlation_hist.png,Automatically generated draft figure displaying the histogram of correlations between all the input features of this machine learning (ML) model from the7th SuperLearner (SL) ensemble member.,N/A,-9999,-9999,N/A,/sl_archive_whondrs/ml_models/sl_7
sl_fpi_results_df,Pandas DataFrame written directly to default Pandas comma-separated values (CSV) format for full access to feature permutation index (FPI) results from the stacked ensemble of submodels in this machine learning (ML) model from the7th SuperLearner (SL) ensemble member.,N/A,-9999,-9999,N/A,/sl_archive_whondrs/ml_models/sl_7
sl_pca.csv,Main summary output file from the principle component analysis (PCA) stage of the machine learning (ML) workflow from the7th SuperLearner (SL) ensemble member.,ESS-DIVE Reporting Format for Comma-separated Values (CSV) File Structure (Velliquette et al. 2021),-9999,-9999,N/A; -9999,/sl_archive_whondrs/ml_models/sl_7
sl_pca_scatter.png,Automatically generated figure showing the scatter of points in principal coordinate space from the7th SuperLearner (SL) ensemble member.,N/A,-9999,-9999,N/A,/sl_archive_whondrs/ml_models/sl_7
sl_pca_variance.png,Automatically generated figure showing the percent of variance contained in each component of the principle component analysis (PCA) decomposition from the7th SuperLearner (SL) ensemble member.,N/A,-9999,-9999,N/A,/sl_archive_whondrs/ml_models/sl_7
sl_predictions.csv,Main summary output file from the prediction stage of the machine learning (ML) workflow. This is a key file because the principle component analysis (PCA) stage (which follows predict) filters out some points. If you want predictions at every point this is the file to use from the 7th SuperLearner (SL) ensemble member.,ESS-DIVE Reporting Format for Comma-separated Values (CSV) File Structure (Velliquette et al. 2021),-9999,-9999,N/A; -9999,/sl_archive_whondrs/ml_models/sl_7
sl_scatter.png,Automatically generated plot of the observed respiration rates versus predicted respiration rates from the7th SuperLearner (SL) ensemble member.,N/A,-9999,-9999,N/A,/sl_archive_whondrs/ml_models/sl_7
sl_scatter_test.csv,Raw data from the testing set used in making sl_scatter.png from the7th SuperLearner (SL) ensemble member.,ESS-DIVE Reporting Format for Comma-separated Values (CSV) File Structure (Velliquette et al. 2021),-9999,-9999,N/A; -9999,/sl_archive_whondrs/ml_models/sl_7
sl_scatter_train.csv,Raw data from the training set used in making sl_scatter.png from the7th SuperLearner (SL) ensemble member.,ESS-DIVE Reporting Format for Comma-separated Values (CSV) File Structure (Velliquette et al. 2021),-9999,-9999,N/A; -9999,/sl_archive_whondrs/ml_models/sl_7
sl_targets_hist.png,Automatically generated histogram of the observed respiration rates to get a rough idea for the data from the7th SuperLearner (SL) ensemble member.,N/A,-9999,-9999,N/A,/sl_archive_whondrs/ml_models/sl_7
superlearner_conf_TTR_mms_log10_neg.py,Main machine learning (ML) model configuration file from the7th SuperLearner (SL) ensemble member.,N/A,-9999,-9999,N/A,/sl_archive_whondrs/ml_models/sl_7
SuperLearners.pkl,Machine learning (ML) model archive file in pickle (serialized) format from the7th SuperLearner (SL) ensemble member.,N/A,-9999,-9999,N/A,/sl_archive_whondrs/ml_models/sl_7
test.csv,Copy of the testing data set (randomly split from original input data) from the7th SuperLearner (SL) ensemble member.,ESS-DIVE Reporting Format for Comma-separated Values (CSV) File Structure (Velliquette et al. 2021),-9999,-9999,N/A; -9999,/sl_archive_whondrs/ml_models/sl_7
train.csv,Copy of the training data set (randomly split from original input data) from the7th SuperLearner (SL) ensemble member.,ESS-DIVE Reporting Format for Comma-separated Values (CSV) File Structure (Velliquette et al. 2021),-9999,-9999,N/A; -9999,/sl_archive_whondrs/ml_models/sl_7
train.std.err,Standard error log file from the training stage of the machine learning (ML) workflow from the7th SuperLearner (SL) ensemble member.,N/A,-9999,-9999,N/A,/sl_archive_whondrs/ml_models/sl_7
train.std.out,Standard output log file from the training stage of the machine learning (ML) workflow from the7th SuperLearner (SL) ensemble member.,N/A,-9999,-9999,N/A,/sl_archive_whondrs/ml_models/sl_7
classical-metrics.json,Model score calculated with the TRAINING data (not the holdout or testing data) from the 8th SuperLearner (SL) ensemble member.,N/A,-9999,-9999,N/A,/sl_archive_whondrs/ml_models/sl_8
fpi.std.err,Standard error log file for feature permutation index (FPI) stage of workflow from the 8th SuperLearner (SL) ensemble member.,N/A,-9999,-9999,N/A,/sl_archive_whondrs/ml_models/sl_8
fpi.std.out,Standard output log file for the feature permutation index (FPI) stage of workflow from the 8th SuperLearner (SL) ensemble member.,N/A,-9999,-9999,N/A,/sl_archive_whondrs/ml_models/sl_8
hold-out-metrics.json,Model score calculated with the TEST data (the holdout data) from the 8th SuperLearner (SL) ensemble member.,N/A,-9999,-9999,N/A,/sl_archive_whondrs/ml_models/sl_8
hold-out-metrics-high-low-split.json,Model score calculated with the TEST data but separated the score calculation with high and low respiration rates. from the 8th SuperLearner (SL) ensemble member.,N/A,-9999,-9999,N/A,/sl_archive_whondrs/ml_models/sl_8
model_fpi_results_df,Pandas DataFrame written directly to default Pandas comma-separated values (CSV) format for full access to feature permutation index (FPI) results from each separate submodel of this machine learning (ML) model from the 8th SuperLearner (SL) ensemble member.,N/A,-9999,-9999,N/A,/sl_archive_whondrs/ml_models/sl_8
original_input_data.csv,Copy of the training data supplied at the beginning of the machine learning (ML) workflow for traceability purposes from the 8th SuperLearner (SL) ensemble member.,ESS-DIVE Reporting Format for Comma-separated Values (CSV) File Structure (Velliquette et al. 2021),-9999,-9999,N/A; -9999,/sl_archive_whondrs/ml_models/sl_8
pca.std.err,Standard error log file for the principle component analysis (PCA) (error) stage of the machine learning (ML) workflow from the 8th SuperLearner (SL) ensemble member.,N/A,-9999,-9999,N/A,/sl_archive_whondrs/ml_models/sl_8
pca.std.out,Standard output log file for the principle component analysis (PCA) (error) stage of the machine learning (ML) workflow from the 8th SuperLearner (SL) ensemble member.,N/A,-9999,-9999,N/A,/sl_archive_whondrs/ml_models/sl_8
predict.std.err,Standard error log file for the predict stage of the machine learning (ML) workflow from the 8th SuperLearner (SL) ensemble member.,N/A,-9999,-9999,N/A,/sl_archive_whondrs/ml_models/sl_8
predict.std.out,Standard output log file for the predict stage of the machine learning (ML) workflow from the 8th SuperLearner (SL) ensemble member.,N/A,-9999,-9999,N/A,/sl_archive_whondrs/ml_models/sl_8
requirements.txt.gz,Conda text (.txt) file for reconstructing the Conda environment used for this machine learning (ML) model from the 8th SuperLearner (SL) ensemble member.,N/A,-9999,-9999,N/A,/sl_archive_whondrs/ml_models/sl_8
requirements.yaml.gz,Conda .yaml file for reconstructing the Conda environment used for this machine learning (ML) model from the 8th SuperLearner (SL) ensemble member.,N/A,-9999,-9999,N/A,/sl_archive_whondrs/ml_models/sl_8
sl_error.png,Automatically generated draft figure detailing how the error estimates are generated for this machine learning (ML) model from the 8th SuperLearner (SL) ensemble member.,N/A,-9999,-9999,N/A,/sl_archive_whondrs/ml_models/sl_8
sl_fpi_correlation_graph.png,Automatically generated network diagram showing clusters of correlated input features for this machine learning (ML) model from the 8th SuperLearner (SL) ensemble member.,N/A,-9999,-9999,N/A,/sl_archive_whondrs/ml_models/sl_8
sl_fpi_correlation_heatmap.png,Automatically generated draft figure displaying cross correlations between all the input features of this machine learning (ML) model from the 8th SuperLearner (SL) ensemble member.,N/A,-9999,-9999,N/A,/sl_archive_whondrs/ml_models/sl_8
sl_fpi_correlation_hist.png,Automatically generated draft figure displaying the histogram of correlations between all the input features of this machine learning (ML) model from the 8th SuperLearner (SL) ensemble member.,N/A,-9999,-9999,N/A,/sl_archive_whondrs/ml_models/sl_8
sl_fpi_results_df,Pandas DataFrame written directly to default Pandas comma-separated values (CSV) format for full access to feature permutation index (FPI) results from the stacked ensemble of submodels in this machine learning (ML) model from the 8th SuperLearner (SL) ensemble member.,N/A,-9999,-9999,N/A,/sl_archive_whondrs/ml_models/sl_8
sl_pca.csv,Main summary output file from the principle component analysis (PCA) stage of the machine learning (ML) workflow from the 8th SuperLearner (SL) ensemble member.,ESS-DIVE Reporting Format for Comma-separated Values (CSV) File Structure (Velliquette et al. 2021),-9999,-9999,N/A; -9999,/sl_archive_whondrs/ml_models/sl_8
sl_pca_scatter.png,Automatically generated figure showing the scatter of points in principal coordinate space from the 8th SuperLearner (SL) ensemble member.,N/A,-9999,-9999,N/A,/sl_archive_whondrs/ml_models/sl_8
sl_pca_variance.png,Automatically generated figure showing the percent of variance contained in each component of the principle component analysis (PCA) decomposition from the 8th SuperLearner (SL) ensemble member.,N/A,-9999,-9999,N/A,/sl_archive_whondrs/ml_models/sl_8
sl_predictions.csv,Main summary output file from the prediction stage of the machine learning (ML) workflow. This is a key file because the principle component analysis (PCA) stage (which follows predict) filters out some points. If you want predictions at every point this is the file to use from the 8th SuperLearner (SL) ensemble member.,ESS-DIVE Reporting Format for Comma-separated Values (CSV) File Structure (Velliquette et al. 2021),-9999,-9999,N/A; -9999,/sl_archive_whondrs/ml_models/sl_8
sl_scatter.png,Automatically generated plot of the observed respiration rates versus predicted respiration rates from the 8th SuperLearner (SL) ensemble member.,N/A,-9999,-9999,N/A,/sl_archive_whondrs/ml_models/sl_8
sl_scatter_test.csv,Raw data from the testing set used in making sl_scatter.png from the 8th SuperLearner (SL) ensemble member.,ESS-DIVE Reporting Format for Comma-separated Values (CSV) File Structure (Velliquette et al. 2021),-9999,-9999,N/A; -9999,/sl_archive_whondrs/ml_models/sl_8
sl_scatter_train.csv,Raw data from the training set used in making sl_scatter.png from the 8th SuperLearner (SL) ensemble member.,ESS-DIVE Reporting Format for Comma-separated Values (CSV) File Structure (Velliquette et al. 2021),-9999,-9999,N/A; -9999,/sl_archive_whondrs/ml_models/sl_8
sl_targets_hist.png,Automatically generated histogram of the observed respiration rates to get a rough idea for the data from the 8th SuperLearner (SL) ensemble member.,N/A,-9999,-9999,N/A,/sl_archive_whondrs/ml_models/sl_8
superlearner_conf_TTR_mms_log10_neg.py,Main machine learning (ML) model configuration file from the 8th SuperLearner (SL) ensemble member.,N/A,-9999,-9999,N/A,/sl_archive_whondrs/ml_models/sl_8
SuperLearners.pkl,Machine learning (ML) model archive file in pickle (serialized) format from the 8th SuperLearner (SL) ensemble member.,N/A,-9999,-9999,N/A,/sl_archive_whondrs/ml_models/sl_8
test.csv,Copy of the testing data set (randomly split from original input data) from the 8th SuperLearner (SL) ensemble member.,ESS-DIVE Reporting Format for Comma-separated Values (CSV) File Structure (Velliquette et al. 2021),-9999,-9999,N/A; -9999,/sl_archive_whondrs/ml_models/sl_8
train.csv,Copy of the training data set (randomly split from original input data) from the 8th SuperLearner (SL) ensemble member.,ESS-DIVE Reporting Format for Comma-separated Values (CSV) File Structure (Velliquette et al. 2021),-9999,-9999,N/A; -9999,/sl_archive_whondrs/ml_models/sl_8
train.std.err,Standard error log file from the training stage of the machine learning (ML) workflow from the 8th SuperLearner (SL) ensemble member.,N/A,-9999,-9999,N/A,/sl_archive_whondrs/ml_models/sl_8
train.std.out,Standard output log file from the training stage of the machine learning (ML) workflow from the 8th SuperLearner (SL) ensemble member.,N/A,-9999,-9999,N/A,/sl_archive_whondrs/ml_models/sl_8
classical-metrics.json,Model score calculated with the TRAINING data (not the holdout or testing data) from the 9th SuperLearner (SL) ensemble member.,N/A,-9999,-9999,N/A,/sl_archive_whondrs/ml_models/sl_9
fpi.std.err,Standard error log file for feature permutation index (FPI) stage of workflow from the 9th SuperLearner (SL) ensemble member.,N/A,-9999,-9999,N/A,/sl_archive_whondrs/ml_models/sl_9
fpi.std.out,Standard output log file for the feature permutation index (FPI) stage of workflow from the 9th SuperLearner (SL) ensemble member.,N/A,-9999,-9999,N/A,/sl_archive_whondrs/ml_models/sl_9
hold-out-metrics.json,Model score calculated with the TEST data (the holdout data) from the 9th SuperLearner (SL) ensemble member.,N/A,-9999,-9999,N/A,/sl_archive_whondrs/ml_models/sl_9
hold-out-metrics-high-low-split.json,Model score calculated with the TEST data but separated the score calculation with high and low respiration rates. from the 9th SuperLearner (SL) ensemble member.,N/A,-9999,-9999,N/A,/sl_archive_whondrs/ml_models/sl_9
model_fpi_results_df,Pandas DataFrame written directly to default Pandas comma-separated values (CSV) format for full access to feature permutation index (FPI) results from each separate submodel of this machine learning (ML) model from the 9th SuperLearner (SL) ensemble member.,N/A,-9999,-9999,N/A,/sl_archive_whondrs/ml_models/sl_9
original_input_data.csv,Copy of the training data supplied at the beginning of the machine learning (ML) workflow for traceability purposes from the 9th SuperLearner (SL) ensemble member.,ESS-DIVE Reporting Format for Comma-separated Values (CSV) File Structure (Velliquette et al. 2021),-9999,-9999,N/A; -9999,/sl_archive_whondrs/ml_models/sl_9
pca.std.err,Standard error log file for the principle component analysis (PCA) (error) stage of the machine learning (ML) workflow from the 9th SuperLearner (SL) ensemble member.,N/A,-9999,-9999,N/A,/sl_archive_whondrs/ml_models/sl_9
pca.std.out,Standard output log file for the principle component analysis (PCA) (error) stage of the machine learning (ML) workflow from the 9th SuperLearner (SL) ensemble member.,N/A,-9999,-9999,N/A,/sl_archive_whondrs/ml_models/sl_9
predict.std.err,Standard error log file for the predict stage of the machine learning (ML) workflow from the 9th SuperLearner (SL) ensemble member.,N/A,-9999,-9999,N/A,/sl_archive_whondrs/ml_models/sl_9
predict.std.out,Standard output log file for the predict stage of the machine learning (ML) workflow from the 9th SuperLearner (SL) ensemble member.,N/A,-9999,-9999,N/A,/sl_archive_whondrs/ml_models/sl_9
requirements.txt.gz,Conda text (.txt) file for reconstructing the Conda environment used for this machine learning (ML) model from the 9th SuperLearner (SL) ensemble member.,N/A,-9999,-9999,N/A,/sl_archive_whondrs/ml_models/sl_9
requirements.yaml.gz,Conda .yaml file for reconstructing the Conda environment used for this machine learning (ML) model from the 9th SuperLearner (SL) ensemble member.,N/A,-9999,-9999,N/A,/sl_archive_whondrs/ml_models/sl_9
sl_error.png,Automatically generated draft figure detailing how the error estimates are generated for this machine learning (ML) model from the 9th SuperLearner (SL) ensemble member.,N/A,-9999,-9999,N/A,/sl_archive_whondrs/ml_models/sl_9
sl_fpi_correlation_graph.png,Automatically generated network diagram showing clusters of correlated input features for this machine learning (ML) model from the 9th SuperLearner (SL) ensemble member.,N/A,-9999,-9999,N/A,/sl_archive_whondrs/ml_models/sl_9
sl_fpi_correlation_heatmap.png,Automatically generated draft figure displaying cross correlations between all the input features of this machine learning (ML) model from the 9th SuperLearner (SL) ensemble member.,N/A,-9999,-9999,N/A,/sl_archive_whondrs/ml_models/sl_9
sl_fpi_correlation_hist.png,Automatically generated draft figure displaying the histogram of correlations between all the input features of this machine learning (ML) model from the 9th SuperLearner (SL) ensemble member.,N/A,-9999,-9999,N/A,/sl_archive_whondrs/ml_models/sl_9
sl_fpi_results_df,Pandas DataFrame written directly to default Pandas comma-separated values (CSV) format for full access to feature permutation index (FPI) results from the stacked ensemble of submodels in this machine learning (ML) model from the 9th SuperLearner (SL) ensemble member.,N/A,-9999,-9999,N/A,/sl_archive_whondrs/ml_models/sl_9
sl_pca.csv,Main summary output file from the principle component analysis (PCA) stage of the machine learning (ML) workflow from the 9th SuperLearner (SL) ensemble member.,ESS-DIVE Reporting Format for Comma-separated Values (CSV) File Structure (Velliquette et al. 2021),-9999,-9999,N/A; -9999,/sl_archive_whondrs/ml_models/sl_9
sl_pca_scatter.png,Automatically generated figure showing the scatter of points in principal coordinate space from the 9th SuperLearner (SL) ensemble member.,N/A,-9999,-9999,N/A,/sl_archive_whondrs/ml_models/sl_9
sl_pca_variance.png,Automatically generated figure showing the percent of variance contained in each component of the principle component analysis (PCA) decomposition from the 9th SuperLearner (SL) ensemble member.,N/A,-9999,-9999,N/A,/sl_archive_whondrs/ml_models/sl_9
sl_predictions.csv,Main summary output file from the prediction stage of the machine learning (ML) workflow. This is a key file because the principle component analysis (PCA) stage (which follows predict) filters out some points. If you want predictions at every point this is the file to use from the 9th SuperLearner (SL) ensemble member.,ESS-DIVE Reporting Format for Comma-separated Values (CSV) File Structure (Velliquette et al. 2021),-9999,-9999,N/A; -9999,/sl_archive_whondrs/ml_models/sl_9
sl_scatter.png,Automatically generated plot of the observed respiration rates versus predicted respiration rates from the 9th SuperLearner (SL) ensemble member.,N/A,-9999,-9999,N/A,/sl_archive_whondrs/ml_models/sl_9
sl_scatter_test.csv,Raw data from the testing set used in making sl_scatter.png from the 9th SuperLearner (SL) ensemble member.,ESS-DIVE Reporting Format for Comma-separated Values (CSV) File Structure (Velliquette et al. 2021),-9999,-9999,N/A; -9999,/sl_archive_whondrs/ml_models/sl_9
sl_scatter_train.csv,Raw data from the training set used in making sl_scatter.png from the 9th SuperLearner (SL) ensemble member.,ESS-DIVE Reporting Format for Comma-separated Values (CSV) File Structure (Velliquette et al. 2021),-9999,-9999,N/A; -9999,/sl_archive_whondrs/ml_models/sl_9
sl_targets_hist.png,Automatically generated histogram of the observed respiration rates to get a rough idea for the data from the 9th SuperLearner (SL) ensemble member.,N/A,-9999,-9999,N/A,/sl_archive_whondrs/ml_models/sl_9
superlearner_conf_TTR_mms_log10_neg.py,Main machine learning (ML) model configuration file from the 9th SuperLearner (SL) ensemble member.,N/A,-9999,-9999,N/A,/sl_archive_whondrs/ml_models/sl_9
SuperLearners.pkl,Machine learning (ML) model archive file in pickle (serialized) format from the 9th SuperLearner (SL) ensemble member.,N/A,-9999,-9999,N/A,/sl_archive_whondrs/ml_models/sl_9
test.csv,Copy of the testing data set (randomly split from original input data) from the 9th SuperLearner (SL) ensemble member.,ESS-DIVE Reporting Format for Comma-separated Values (CSV) File Structure (Velliquette et al. 2021),-9999,-9999,N/A; -9999,/sl_archive_whondrs/ml_models/sl_9
train.csv,Copy of the training data set (randomly split from original input data) from the 9th SuperLearner (SL) ensemble member.,ESS-DIVE Reporting Format for Comma-separated Values (CSV) File Structure (Velliquette et al. 2021),-9999,-9999,N/A; -9999,/sl_archive_whondrs/ml_models/sl_9
train.std.err,Standard error log file from the training stage of the machine learning (ML) workflow from the 9th SuperLearner (SL) ensemble member.,N/A,-9999,-9999,N/A,/sl_archive_whondrs/ml_models/sl_9
train.std.out,Standard output log file from the training stage of the machine learning (ML) workflow from the 9th SuperLearner (SL) ensemble member.,N/A,-9999,-9999,N/A,/sl_archive_whondrs/ml_models/sl_9
feature permutation index (FPI).png,Automatically generated draft figure of feature permutation index (FPI) analysis for the machine learning (ML) model ensemble on this branch.,N/A,-9999,-9999,N/A,/sl_archive_whondrs/output_data
fpi_avg.csv,Average of feature permutation index (FPI) results over all machine learning (ML) model ensemble members used in generating feature permutation index (FPI).png.,ESS-DIVE Reporting Format for Comma-separated Values (CSV) File Structure (Velliquette et al. 2021),-9999,-9999,N/A; -9999,/sl_archive_whondrs/output_data
fpi_std.csv,Standard deviation of feature permutation index (FPI) results over all machine learning (ML) model ensemble members used in generating feature permutation index (FPI).png.,ESS-DIVE Reporting Format for Comma-separated Values (CSV) File Structure (Velliquette et al. 2021),-9999,-9999,N/A; -9999,/sl_archive_whondrs/output_data
holdout_score.txt,Average and standard deviation of the holdout score across all machine learning (ML) models in the ensemble in this branch.,N/A,-9999,-9999,N/A,/sl_archive_whondrs/output_data
logs.out,Main machine learning (ML) workflow log for debugging.,N/A,-9999,-9999,N/A,/sl_archive_whondrs/output_data
unfiltered_predict_output_avg.csv,Average of the predictions generated by the ensemble of machine learning (ML) models in this branch.,ESS-DIVE Reporting Format for Comma-separated Values (CSV) File Structure (Velliquette et al. 2021),-9999,-9999,N/A; -9999,/sl_archive_whondrs/output_data
unfiltered_predict_output_std.csv,Standard deviation of the predictions generated by the ensemble of machine learning (ML) models in this branch.,ESS-DIVE Reporting Format for Comma-separated Values (CSV) File Structure (Velliquette et al. 2021),-9999,-9999,N/A; -9999,/sl_archive_whondrs/output_data
o2sat.py,Python script implementing a simple last-ditch attempt to recover missing oxygen values by converting dissolved oxygen (O2) to dissolved oxygen percent saturation (O2%sat) or O2%sat to O2.,N/A,-9999,-9999,N/A,/sl_archive_whondrs/scripts
post_01_flatten.py,Script that combines output from the individual SuperLearner ensemble members into a single average file.,N/A,-9999,-9999,N/A,/sl_archive_whondrs/scripts
post_02_filter_sort.sh,Script that filters the final predictions to contiguous United States (CONUS) and sorts the sites according to the combined.metric that estimates site relevance for improving the machine learning (ML) models.,N/A,-9999,-9999,N/A,/sl_archive_whondrs/scripts
postprocess.sh,Script that orchestrates all the postprocessing steps in the machine learning (ML) workflow.,N/A,-9999,-9999,N/A,/sl_archive_whondrs/scripts
prep_01_intake_train.py,Script that runs the intake (first) step in data preprocessing.,N/A,-9999,-9999,N/A,/sl_archive_whondrs/scripts
prep_01_output_train.csv,Output of the first preprocessing step.,ESS-DIVE Reporting Format for Comma-separated Values (CSV) File Structure (Velliquette et al. 2021),-9999,-9999,N/A; -9999,/sl_archive_whondrs/scripts
prep_02_intake_predict.py,Script that runs the intake of prediction data (2nd step) during data preprocessing.,N/A,-9999,-9999,N/A,/sl_archive_whondrs/scripts
prep_02_output_predict.csv,Output of the second preprocessing step.,ESS-DIVE Reporting Format for Comma-separated Values (CSV) File Structure (Velliquette et al. 2021),-9999,-9999,N/A; -9999,/sl_archive_whondrs/scripts
prep_03_output_colocated_train.csv,Output of the 3rd preprocessing step (collocating RiverAtlas data with WHONDRS (Worldwide Hydrobiogeochemistry Observation Network for Dynamic River Systems) data).,ESS-DIVE Reporting Format for Comma-separated Values (CSV) File Structure (Velliquette et al. 2021),-9999,-9999,N/A; -9999,/sl_archive_whondrs/scripts
prep_04_output_colocated_predict.csv,Output of the 4th preprocessing step (collocating the prediction data with the RiverAtlas database).,ESS-DIVE Reporting Format for Comma-separated Values (CSV) File Structure (Velliquette et al. 2021),-9999,-9999,N/A; -9999,/sl_archive_whondrs/scripts
prep_06_merge.py,Script that runs the 6th and final step of preprocessing which merges physical (RiverAtlas) data with chemical data (WHONDRS (Worldwide Hydrobiogeochemistry Observation Network for Dynamic River Systems)). Step 5 is internal to the main preprocessing orchestration script.,N/A,-9999,-9999,N/A,/sl_archive_whondrs/scripts
prep_06_output_final_predict.csv,Output of the 6th preprocessing step contains the final predict data set.,ESS-DIVE Reporting Format for Comma-separated Values (CSV) File Structure (Velliquette et al. 2021),-9999,-9999,N/A; -9999,/sl_archive_whondrs/scripts
prep_06_output_final_predict.ixy,Output of the 6th preprocessing step contains the site ID and latitude/longitude coordinates of each site for geolocation later. Site ID and latitude/longitude are not used to train the machine learning (ML) models and so they must be kept separate.,N/A,-9999,-9999,N/A,/sl_archive_whondrs/scripts
prep_06_output_final_train.csv,Output of the 6th preprocessing step contains the final training (i.e. observed) data set.,ESS-DIVE Reporting Format for Comma-separated Values (CSV) File Structure (Velliquette et al. 2021),-9999,-9999,N/A; -9999,/sl_archive_whondrs/scripts
prep_06_output_final_train.ixy,Output of the 6th preprocessing step contains the site ID and latitude/longitude coordinates of each site for geolocation later. Site ID and latitude/longitude are not used to train the machine learning (ML) models and so they must be kept separate.,N/A,-9999,-9999,N/A,/sl_archive_whondrs/scripts
preprocess.sh,Script that orchestrates all the preprocessing steps prior to training the machine learning (ML) models in the machine learning (ML) workflow.,N/A,-9999,-9999,N/A,/sl_archive_whondrs/scripts
us.xy.gz,Compressed file with polygon outline for the contiguous United States (CONUS) region used for selecting points within CONUS.,N/A,-9999,-9999,N/A,/sl_archive_whondrs/scripts
